show_flag,page,title,type,organization,venue,start_date,end_date,notes,url,url_2,,,
TRUE,Activities,Leadership Reimagined Peer Coaching Circle,Professional Development,Fondation Chanel,,October 2024,Present,,,,,,
TRUE,Activities,EWA Caucus on Education Data,Professional Development,Education Writers Association,,September 2024,Present,,,,,,
TRUE,Activities,EWA Caucus on School Privacy,Professional Development,Education Writers Association,,January 2024,June 2024,,,,,,
FALSE,Activities,LGBTQIA+ Reporting Grants Judge,Judging,Poynter,,May 2024,,,,,,,
FALSE,Activities,Community Reviewer,Judging,OpenNews,,September 2023,,,,,,,
TRUE,Activities,Lead With Influence,Professional Development,Poynter,,July 2023,,,,,,,
TRUE,Activities,Total Newsroom Training - Civic News Company,Professional Development,Investigative Reporters & Editors,,April 2023,,,,,,,
TRUE,Activities,Eric B. Sager Fellowship - DBEI Symposium,Professional Development,Investigative Reporters & Editors,,October 2022,,,,,,,
TRUE,Activities,Intro to Solutions Journalism,Teaching,Camp Lilac,,July 2022,,"<a href=""https://www.camplilac.org/"">Camp Lilac</a> through the Cleveland Foundation. Developed and taught a week-long crash course. It sought to empower teenagers to write about problems and solutions in their communities. Publications forthcoming!",,,,,
TRUE,Activities,Union Leadership Committee,Leadership,Civic News Guild,,April 2022,Present,,,,,,
TRUE,Activities,EWA Caucus on School Finance,Professional Development,Education Writers Association,,January 2022,December 2022,,,,,,
FALSE,Activities,Mark of Excellence Awards Judge,Judging,Society of Professional Journalists,,January 2021,,,,,,,
TRUE,Activities,Founding Member > Interim Board Member > Board President > Interim Executive Director > Board Treasurer,Leadership,Trans Journalists Association,,June 2020,Present,,,,,,
TRUE,Activities,LGBTQIA+ ERG Facilitator,Leadership,Civic News Company,,January 2023,March 2024,,,,,,
TRUE,Activities,Holly Whisenhunt Stephen Fellowship - Data Journalism Bootcamp,Professional Development,Investigative Reporters & Editors,,December 2019,,,,,,,
TRUE,Activities,"<a href=""https://current.org/2019/08/in-st-louis-a-mini-j-school-makes-public-radio-listeners-advocates-for-real-news/"">Mini J School</a> Curriculum Cobuilder",Teaching,St. Louis Public Radio,,Nov 2018,May 2019,,,,,,
TRUE,Activities,Total Newsroom Training - St. Louis Public Radio,Professional Development,Investigative Reporters & Editors,,March 2018,,,,,,,
FALSE,Activities,#Press4Education Volunteer,Teaching,Society of Professional Journalists,,February 2018,August 2020,,,,,,
FALSE,Activities,Mark of Excellence Awards Judge,Judging,Society of Professional Journalists,,January 2020,,,,,,,
TRUE,Activities,Secretary,Leadership,Society of Professional Journalists - St. Louis Pro Chapter,,May 2017,July 2023,,,,,,
TRUE,Activities,Student Boot Camp Co-Organizer,Teaching,Society of Professional Journalists - St. Louis Pro Chapter,,May 2017,May 2022,,,,,,
TRUE,Activities,LC101 Intensive Boot Camp,Professional Development,LaunchCode,,May 2017,December 2017,,,,,,
TRUE,Activities,Ted Scripps Leadership Institute,Professional Development,Society of Professional Journalists,,April 2017,,,,,,,
TRUE,Activities,Community Media Intern,Teaching,Nine Network of Public Media's NineLab,,May 2016,July 2016,,,,,,
TRUE,Activities,Literary Journalism Fellow,Professional Development,Merle Kling,,March 2014,May 2016,,,,,,
TRUE,Activities,Writing Center & Cornerstone Peer Tutor,Teaching,Washington University in St. Louis,,August 2013,May 2016,,,,,,
FALSE,Speaking,Advanced Excel,Workshop,Education Writers Association,Diving Into Data,2025,,,,,,,
TRUE,Speaking,Covering Transgender Policies In Your State,Workshop,Report for America,,2024,,,,,,,
FALSE,Speaking,How to Cover Trans Communities in Public Schools,Panel,Advance Local News,LGBTQIA+ ERG,2024,,,,,,,
TRUE,Speaking,Crunching the Numbers: Data Journalism 101,Panel,American Society of Journalists and Authors,ASJA 2024 Conference From Anywhere,2024,,,https://www.asja.org/conference-day-3-recap/,,,,
TRUE,Speaking,Intro to Education Data,Presentation,Education Writers Association,Education Data Caucus,2024,,,,,,,
TRUE,Speaking,Elevating Student Voices: Tips on Interviewing LGBTQ+ Youth,Moderation,Education Writers Association,NLGJA National Convention 2024,2024,,,https://ewa.org/events/upcoming-events/education-writers-association-at-nlgja-2024,,,,
TRUE,Speaking,"Reporting on queer policies, legislation and politics",Panel,Investigative Reporters & Editors,Election Series,2024,,,,,,,
TRUE,Speaking,Responsibly reporting on issues affecting trans people,Panel,Indiana Pro Chapter of SPJ,Public webinar,2024,,,,,,,
TRUE,Speaking,The Do's and Don't's of Covering Trans Issues,Moderation,Education Writers Association,Education Writers Association National Convention 2024,2024,,,,,,,
TRUE,Speaking,A roundtable on covering trans communities,Moderation,Society of Professional Journalists,Society of Professional Journalists Region 10 Conference,2024,,,https://youtu.be/nYOc36QDzsU,,,,
TRUE,Speaking,Community call on trans data and mentorship programs for trans journalists,Presentation,OpenNews,"OpenNews Community Call, April",2024,,,,,,,
TRUE,Speaking,How to cover trans communities sensitively and accurately,Workshop,the Trans Journalists Association > AudioChuck,Internal training,2024,,,,,,,
TRUE,Speaking,The power of knowing your (data's) weaknesses,Panel,Investigative Reporters & Editors,NICAR 2024,2024,,,,,,,
TRUE,Speaking,First Python notebook: Data analysis on a deadline,Workshop,Investigative Reporters & Editors,NICAR 2024,2024,,,https://palewi.re/docs/first-python-notebook/concat.html,,,,
TRUE,Speaking,Trans data: How we can do better,Panel,Investigative Reporters & Editors,NICAR 2024,2024,,,,,,,
TRUE,Speaking,Intro to Data Journalism: How To Tell Stories With Data,Presentation,"Columbia University, Society of Professional Journalists","Class Visits, #Press4Education","2024, 2020",,,,,,,
FALSE,Speaking,Guest editor for class exercise,Presentation,CUNY,Class Visit,2024,,,,,,,
TRUE,Speaking,How to cover trans issues well in an election year,Workshop,Reynolds Journalism Institute,Public training,2024,,,,,,,
TRUE,Speaking,How to use bad and limited LGBTQ+ data responsibly,Workshop,OpenNews,SRCCON 2023,2023,,,https://2023.srccon.org/schedule/,,,,
TRUE,Speaking,"Beyond ""the medical debate"": Envisioning high-impact/autonomy-centered coverage of anti-trans legislation",Panel,Investigative Reporters & Editors,AccessFest 2023,2023,,,https://schedules.ire.org/accessfest-2023/index.html#2026,,,,
TRUE,Speaking,Transgender and gender non-conforming data sources,Panel,Investigative Reporters & Editors,AccessFest 2023,2023,,,https://schedules.ire.org/accessfest-2023/index.html#2023,,,,
TRUE,Speaking,Reporting With Flawed Data,Presentation,"The Groundtruth Project, <a href=""https://ewa.org/events/upcoming-events/diving-into-data-workshop-2023"">Education Writers' Association</a>","Report for America Skills Training, Diving Into Data Workshop 2023",2023,,,,,,,
TRUE,Speaking,Framing and Facts: Getting Trans Coverage Right,Panel,NLGJA: The Association for LGBTQ+ Journalists,NLGJA National Convention 2023,2023,,,,,,,
TRUE,Speaking,Shop Talk: Visual Storytelling,Panel,Education Writers Association,76th EWA National Seminar,2023,,,,,,,
TRUE,Speaking,Queering the Newsroom: LGBTQ+ Journalist Caucus ,Moderation,Education Writers Association,76th EWA National Seminar,2023,,,,,,,
TRUE,Speaking,How to clean messy data,Workshop,Civic News Company,Internal training,2023,,,,,,,
FALSE,Speaking,Q&A on covering trans issues,Presentation,"the Trans Journalists Association > St. Louis Public Radio, The Associated Press, Reuters, KFF Health News, WYPR, CBS News",Internal training,"2024, 2023",,,,,,,
TRUE,Speaking,How to Cover Trans Issues Well,Panel,Society of Professional Journalists,Region 10 SPJ Conference 2023,2023,,,,,,,
TRUE,Speaking,Extracting Data from PDFs,Presentation,"<a href=""https://ewa.org/events/upcoming-events/diving-into-data-workshop-2023"">Education Writers' Association</a>, St. Louis Public Radio","Diving Into Data Workshop 2023, internal newsroom trainings","2023, 2018",,,,,,,
TRUE,Speaking,Intermediate/Advanced Excel and Intro to SQL,Workshop,"<a href=""https://ewa.org/events/upcoming-events/diving-into-data-workshop-2023"">Education Writers' Association</a>",Diving Into Data Workshop 2023,2023,,Developed and co-taught a weekend course in Excel and SQL.,,,,,
TRUE,Speaking,Editors' Roundtable,Panel,"<a href=""https://citizensandscholars.org/fellowships/for-business-policy-leaders/higher-ed-media-fellowship/"">Institute for Citizens & Scholars</a>",Higher Ed Media Fellowship CTE Symposium,2022,,,,,,,
TRUE,Speaking,How to scrape websites with Google Sheets,Workshop,Investigative Reporters & Editors > The Mountain State Times,Internal training,2022,,,,,,,
TRUE,Speaking,"Covering trans stories with cultural awareness, evidence, and data",Presentation,OpenNews,SRCCON 2022,2022,,,,,,,
TRUE,Speaking,First Python Notebook,Workshop,Investigative Reporters & Editors,NICAR 2022,2022,,"Wrote what was then <a href=""https://palewi.re/docs/first-python-notebook/compute.html"">Chapter 12</a> and taught 1/3 of day-long course.",https://palewi.re/docs/first-python-notebook/index.html,chapter 12,,,
TRUE,Speaking,Investigating LGBTQ+ Issues with Public Records,Panel,Chicago Headline Club,FOIAFest,2022,,,,,,,
TRUE,Speaking,Best practices to get and use data on the LGBTQ community,Panel,Investigative Reporters & Editors,NICAR 2022,2022,,,,,,,
TRUE,Speaking,LGBTQ+ Networking Session,Moderation,Investigative Reporters & Editors,IRE20,2020,,,,,,,
TRUE,Speaking,Investigating Housing,Workshop,The Groundtruth Project,Report for America In-Depth Beat Training,2020,,Developed three-hour training and follow-up tipsheets for journalists starting out on the housing beat.,https://drive.google.com/drive/folders/1rQ4-_cbPCvDJaMmc0ZudFxuU3GnDN1ux,,,,
TRUE,Speaking,Diverse newsrooms can produce better journalism: Let's make it happen,Panel,Investigative Reporters & Editors,NICAR 2020,2020,,,,,,,
FALSE,Speaking,Google Forms for Data Entry,Presentation,St. Louis Public Radio,Internal training,2020,,,,,,,
FALSE,Speaking,"Investigative Journalism, Photojournalism",Panel,St. Louis Public Radio,Mini J School,2019,,"Built the Mini J School curriculum with a panel of other journalists and development staff, then lead and participated in several sessions.",https://current.org/2019/08/in-st-louis-a-mini-j-school-makes-public-radio-listeners-advocates-for-real-news/,,,,
FALSE,Speaking,Excel Tricks You've Never Used - Teaching Assistant,Workshop,"Investigative Reporters & Editors, St. Louis Public Radio","2019 IRE Conference, internal newsroom training",2019,,,,,,,
TRUE,Speaking,Uncovering predatory and abusive housing practices,Panel,Investigative Reporters & Editors,2019 IRE Conference,2019,,,,,,,
FALSE,Speaking,Sources & Gender Dynamics,Presentation,St. Louis Online News Association,Weekly meeting,2019,,,,,,,
TRUE,Speaking,The Swiss Army Reporter: Multimedia tools and how to use them,Presentation,"College Broadcasters, Inc.",National Student Electronic Media Convention 2019,2019,,,,,,,
FALSE,Speaking,Journalistic Ethics Quiz,Presentation,St. Louis Society of Professional Journalists,STLSPJ Student Boot Camp,2019,,,,,,,
TRUE,Speaking,Investigating Housing and Landlord Complaints,Panel,Investigative Reporters & Editors,2018 IRE Conference,2018,,,,,,,
TRUE,Speaking,Illustrating stories with data visuals,Presentation,St. Louis Society of Professional Journalists,STLSPJ Student Boot Camp,2018,,,,,,,
TRUE,Speaking,Freelancing for Fun and for Profit,Presentation,St. Louis Society of Professional Journalists,STLSPJ Student Boot Camp,2017,,,,,,,
TRUE,Writing,Workplace Resources Guide,Guide,Trans Journalists Association,,"2024, 2020",,"Served as primary researcher and author on several guide subsections in 2020, then directed and edited the revision and expansion of the guide in 2024.",https://workplaceguide.transjournalists.org,,,,
TRUE,Writing,How we analyzed disparities in Arizona's federal-only voter rolls,Documentation,Chalkbeat,,2024,,,https://dataviz.chalkbeat.org/2024/12/16/arizona.html,,,,
TRUE,Writing,Covering the Actual Story of Trans Lives,Best Practices,Columbia Journalism Review,,2024,,,https://www.cjr.org/criticism/covering-the-actual-story-of-trans-lives.php,,,,
TRUE,Writing,Resources for understanding the polls on trans issues,Best Practices,Trans Journalists Association,,2024,,,https://www.transjournalists.org/2024-resources-for-understanding-polls/,,,,
TRUE,Writing,Data Dive: Localizing federal Common Core gender data,Documentation,Investigative Reporters & Editors,,2024,,,https://www.ire.org/product/ire-journal-q1-2024/,,,,
FALSE,Writing,7 best practices for covering LGBTQ+ communities through data,Best Practices,International Journalists' Network,,2024,,Republication.,https://ijnet.org/en/story/7-best-practices-covering-lgbtq-communities-through-data,,,,
FALSE,Writing,Advice for reporting data-driven LGBTQ+ stories,Best Practices,International Journalists' Network,,2024,,Republication.,https://ijnet.org/en/story/advice-reporting-data-driven-lgbtq-stories,https://ijnet.org/zh-hans/story/%E6%8A%A5%E9%81%93-lgbtq-%E7%9B%B8%E5%85%B3%E6%95%B0%E6%8D%AE%E6%95%85%E4%BA%8B%E7%9A%84%E9%87%8D%E7%82%B9%E5%BB%BA%E8%AE%AE,https://www.newslabturkey.org/2024/07/04/lgbtq-hikayelerinde-veri-odakli-raporlama-icin-oneriler/,https://ijnet.org/pt-br/story/conselhos-para-fazer-pautas-lgbtq-baseadas-em-dados,https://ijnet.org/fa/story/%D8%AA%D9%88%D8%B5%DB%8C%D9%87%E2%80%8C%D9%87%D8%A7%DB%8C%DB%8C-%D8%A8%D8%B1%D8%A7%DB%8C-%D8%AA%D9%87%DB%8C%D9%87-%DA%AF%D8%B2%D8%A7%D8%B1%D8%B4-%E2%80%8C%D8%AF%D8%A7%D8%AF%D9%87%E2%80%8C%D9%85%D8%AD%D9%88%D8%B1-%D8%A7%D8%B2-%D8%AC%D8%A7%D9%85%D8%B9%D9%87-%D8%A7%D9%84%E2%80%8C%D8%AC%DB%8C%E2%80%8C%D8%A8%DB%8C%E2%80%8C%D8%AA%DB%8C%E2%80%8C%DA%A9%DB%8C%D9%88%D9%BE%D9%84%D8%A7%D8%B3
TRUE,Writing,A Guide to the Guides: What to Know About LGBTQ Style Guides for Journalists,Guide,Education Writers Association,,2024,,,https://ewa.org/data-research-tips/a-guide-to-the-guides-what-to-know-about-lgbtq-style-guides-for-journalists,,,,
TRUE,Writing,Resources for covering violence against trans and nonbinary people,Best Practices,Trans Journalists Association,,2024,,,https://www.transjournalists.org/resources-for-covering-violence-against-trans-and-nonbinary-people/,,,,
TRUE,Writing,How to tell good LGBTQ+ stories with bad data,Best Practices,Source,,2024,,"This two-part series on LGBTQ+ data was republished by the International Journalists' Network and translated into Spanish, Portuguese, Turkish, and Chinese, as well as referenced by publications around the world.",https://source.opennews.org/articles/how-tell-good-lgbtq-stories-bad-data/,,,,
TRUE,Writing,7 tips for data-driven journalism about LGBTQ+ communities,Best Practices,Source,,2024,,"This two-part series on LGBTQ+ data was republished by the International Journalists' Network and translated into Spanish, Portuguese, Turkish, and Chinese, as well as referenced by publications around the world.",https://source.opennews.org/articles/7-tips-data-driven-journalism-lgbtq-communities/,,,,
TRUE,Writing,Data Crimes of 2023: The worst things we did to process education data this year,Documentation,Chalkbeat,,2023,,,https://dataviz.chalkbeat.org/2023/12/19/data-crimes-2023.html,,,,
TRUE,Writing,Tips for navigating uncertain gender identity during breaking news,Best Practices,Trans Journalists Association,,2023,,One of several co-authors on organizational guidance.,https://www.transjournalists.org/article-self-identification-explainer/,,,,
TRUE,Writing,Covering trans issues well just means doing journalism well,Best Practices,Source,,2023,,,https://source.opennews.org/articles/covering-trans-issues-well-doing-journalism-well/,,,,
TRUE,Writing,Showing what's not there: How to responsibly visualize flawed data — and when to not,Best Practices,Chalkbeat,,2023,,,https://dataviz.chalkbeat.org/2023/09/26/bad-data-viz-solutions.html,,,,
TRUE,Writing,Stylebook and Coverage Guide,Guide,Trans Journalists Association,,2023,,"Served as project manager and co-author on style guide update that incorporated the expertise of 20+ trans journalists, building on the work previously done in 2020.",https://transjournalists.org/style-guide/,,,,
TRUE,Writing,How to make data visualization your friend,Best Practices,The Grade,,2022,,,https://kappanonline.org/petrin-hot-viz-summer-russo/,,,,
TRUE,Writing,Small teams & solo work: Using a QA process to build confidence in your data stories,Best Practices,Source,,2022,,,https://source.opennews.org/articles/qa-process-confidence-data-stories/,,,,
TRUE,Writing,How we turned an elementary school curriculum challenge into a dataset,Documentation,Chalkbeat,,2022,,,https://dataviz.chalkbeat.org/2022/05/23/crt.html,,,,
TRUE,Writing,"Out, damned spot: How to use ImageMagick to reduce OCR errors from redaction",Documentation,Chalkbeat,,2022,,,https://dataviz.chalkbeat.org/2022/01/28/ocr.html,,,,
TRUE,Writing,How we collaborated across teams to create a COVID-19 protocol flowchart,Documentation,Chalkbeat,,2022,,,https://dataviz.chalkbeat.org/2022/02/18/flowchart.html,,,,
FALSE,Interviews,,,Assigned Media,,,,,,,,,
FALSE,Interviews,"Slamming McMahon, how to be more curious than furious, & the Joe Rogan of education: Best Education Journalism of the Week",Education Journalism,The Grade,,11/22/2024,,,https://kappanonline.org/russo-slamming-mcmahon-how-to-be-more-curious-than-furious-amp-the-joe-rogan-of-education-best-education-journalism-of-the-week-11-22-24/,,,,
TRUE,Interviews,NYC high school surveys: Disparities in student stress and support,Data Journalism,Ethical Schools,,11/1/2024,,,https://ethicalschools.org/2024/11/nyc-high-school-surveys-disparities-in-student-stress-and-support/,,,,
FALSE,Interviews,Class read NYC gender imbalance story,Data Journalism,CUNY Data Journalism,,9/15/2024,,,,,,,
FALSE,Interviews,Class recreated Votebeat federal-only voters analysis,Data Journalism,U of Maryland Data Journalism,,2024,,,,,,,
TRUE,Interviews,Data for Change,Data Journalism,The Data Journalism Podcast,,10/15/2024,,,https://podcasters.spotify.com/pod/show/ddjpodcast/episodes/Kae-Petrin-data-for-change-e2pngsf/a-abj4b7s,,,,
TRUE,Interviews,#ASJACon24 Day 3 Recap: Who Tells Your Story?,Data Journalism,ASJA Virtual Convention,,9/27/2024,,,https://www.asja.org/conference-day-3-recap/,,,,
FALSE,Interviews,,LGBTQ+ Issues,WGBH,,8/5/2024,,,https://www.wgbh.org/news/local/2024-08-05/after-backlash-boston-globe-apologizes-for-headline-error-about-algerian-boxer,,,,
TRUE,Interviews,The Mainstream Media Is Failing Trans People. These Journalists Are Fighting Back.,LGBTQ+ Issues,The Nation,,2/22/2024,,,https://www.thenation.com/article/society/trans-journalists-independent-reporting/,,,,
FALSE,Interviews,Nieman Reports’ Top 5 Interviews of 2023,LGBTQ+ Issues,Nieman Reports,,12/21/2023,,,https://niemanreports.org/articles/nieman-reports-top-5-interviews-of-2023/,,,,
TRUE,Interviews,These are some of the education questions Chalkbeat answered through data in 2023,Data Journalism,Chalkbeat,,12/18/2023,,,https://www.chalkbeat.org/2023/12/18/answering-education-questions-through-data-from-chalkbeat-in-2023/,,,,
TRUE,Interviews,"As coverage of the trans community increases, journalists work to get it right",LGBTQ+ Issues,NLGJA Connect,,9/9/2023,,,https://nlgjaconnect.com/2023/09/09/as-coverage-of-the-trans-community-increases-journalists-work-to-get-it-right/,,,,
TRUE,Interviews,The Trans Journalists Association is expanding to meet the moment,LGBTQ+ Issues,Poynter,,9/5/2023,,,https://www.poynter.org/ethics-trust/2023/trans-journalists-association-training-new-style-guide-board-members/,,,,
TRUE,Interviews,Introducing TJA’s new board of directors and fiscal sponsor,LGBTQ+ Issues,Trans Journalists Association,,9/5/2023,,,https://www.transjournalists.org/tja-board-announcement/,,,,
TRUE,Interviews,"USA: Amid anti-trans legislation, Trans Journalists Association seeks to provide education and community",LGBTQ+ Issues,International Press Institute,,6/30/2023,,,https://ipi.media/usa-amid-anti-trans-legislation-trans-journalists-association-seeks-to-provide-education-and-community/,,,,
TRUE,Interviews,The Trans Journalists Association Tackles the Shortfalls of Media Coverage of Trans People,LGBTQ+ Issues,Nieman Reports,,6/23/2023,,,https://niemanreports.org/articles/trans-journalists-association-interview/,,,,
TRUE,Interviews,How LGBTQ+ journalists can survive this moment in American politics,LGBTQ+ Issues,Poynter,,5/2/2023,,,https://www.poynter.org/ethics-trust/2023/how-lgbtq-reporters-cover-news-stories-media-under-attack/,,,,
TRUE,Interviews,"3 tips to avoid spreading misinformation about trans people, mental illness and mass shootings",LGBTQ+ Issues,Association of Health Care Journalists - Covering Health,,4/3/2023,,,https://healthjournalism.org/blog/2023/04/3-tips-to-avoid-spreading-misinformation-about-trans-people-mental-illness-and-mass-shootings/,,,,
TRUE,Interviews,13 education data stories that explained U.S. schools in 2022,Data Journalism,Chalkbeat,,12/29/2022,,,https://www.chalkbeat.org/2022/12/29/23521039/education-data-journalism-school-trends-year-in-review/,,,,
TRUE,Interviews,Mainstream newsrooms’ emphasis on “objectivity” continues to harm trans people — and that needs to change now,LGBTQ+ Issues,The Objective,,9/1/2022,,,https://objectivejournalism.org/2022/09/mainstream-newsrooms-emphasis-on-objectivity-harms-trans-journalists/,,,,
TRUE,Interviews,"As Trans Issues Take Center Stage in Media, Trans Journalists Fight For More Than Just Visibility",LGBTQ+ Issues,Mediaite,,6/29/2022,,,https://www.mediaite.com/opinion/trans-journalists-fight-for-more-than-just-visibility/,,,,
TRUE,Interviews,"How to Write About, Edit, and Cite Source Pronouns Accurately",LGBTQ+ Issues,The Freelance Creative,,6/3/2022,,,https://contently.net/2022/06/03/trends/accurate-source-pronouns/,,,,
TRUE,Interviews,"Embrace unique paths, and don't neglect the soft skills: Kae Petrin on Entering Data Journalism",Data Journalism,Teenformation,,4/6/2022,,,https://100453149.wixsite.com/teenformation/post/understanding-data-journalism-with-chalkbeat-s-kae-petrin,,,,
TRUE,Interviews,What LGBTQ+ journalists think you should know,LGBTQ+ Issues,Investigative Reporters & Editors,,11/1/2021,,,https://www.ire.org/wp-content/uploads/woocommerce_uploads/2021/11/ire_q4_2021-iwwvrp.pdf,,,,
FALSE,Interviews,Loop Trolley,Local Politics,Politically Speaking,,01/28/2020,,,https://www.youtube.com/watch?v=L6YUSTtH5ek,,,,
FALSE,Interviews,red light camera data,Data Journalism,Politically Speaking,,12/13/2019,,,https://news.stlpublicradio.org/government-politics-issues/2019-12-13/politically-speaking-on-red-light-cameras-conversion-therapy-and-missouris-dc-delegation,,,,
FALSE,Interviews,McKee/development,Local Politics,Politically Speaking,,11/08/2019,,,https://news.stlpublicradio.org/government-politics-issues/2019-11-08/politically-speaking-untangling-airport-privatization-sports-betting-and-northside-redevelopment,,,,
FALSE,Interviews,Loop Trolley,Local Politics,St. Louis On the Air,,01/02/2020,,,https://news.stlpublicradio.org/economy-business/2020-01-02/st-louisans-reflect-on-trolleys-brief-life-while-showing-up-in-droves-for-its-last-day,,,,
FALSE,Interviews,LGBTQ+ discrimination law,LGBTQ+ Issues,St. Louis On the Air,,10/18/2019,,,https://news.stlpublicradio.org/show/st-louis-on-the-air/2019-10-18/missouri-lgbtq-workers-prepare-for-terrifying-supreme-court-rulings-in-2020,,,,
FALSE,Interviews,Metro union,Local Politics,St. Louis On the Air,,08/22/2019,,,https://news.stlpublicradio.org/show/st-louis-on-the-air/2019-08-22/metros-turning-their-backs-on-transit-operators-union-rep-says-after-mondays-chaotic-commute,,,,
FALSE,Interviews,McKee/development,Local Politics,St. Louis On the Air,,11/30/2018,,,https://www.youtube.com/watch?app=desktop&v=QHSWCnWQLUo,,,,
FALSE,Interviews,Bike safety / Limebike,Local Politics,St. Louis On the Air,,05/15/2018,,,https://news.stlpublicradio.org/show/st-louis-on-the-air/2018-05-15/from-helmets-to-courtesy-to-critical-mass-a-conversation-about-bike-safety-in-st-louis,,,,
FALSE,Interviews,Bike safety / Limebike,Local Politics,St. Louis On the Air,,01/11/2019,,,https://www.youtube.com/watch?v=xsQpYG516XQ,,,,
FALSE,Interviews,Income inequality,Local Politics,St. Louis On the Air,,01/31/2018,,,https://news.stlpublicradio.org/show/st-louis-on-the-air/2018-01-31/i-was-too-black-discrimination-segregation-perpetuate-income-inequality-in-st-louis,,,,
FALSE,Interviews,Webster U Title IX,Local Politics,St. Louis On the Air,,05/24/2019,,,https://www.youtube.com/watch?v=RqT1jEW-Xx8&pp=ygUKa2FlIHBldHJpbg%3D%3D,,,,
FALSE,Interviews,Racial coding STL,Local Politics,We Live Here,,04/04/2015,,,https://news.stlpublicradio.org/2015-04-04/st-louis-coded-conversation-on-race-and-class,,,,
FALSE,Interviews,general SLM stuff,Local Politics,St. Louis Media Works,,08/22/2017,,,https://podcasts.apple.com/us/podcast/stl-media-works-podcast-katelyn-mae-petrin/id1262437394?i=1000391352391,,,,